{
    "Sun Sep 17 23:25:30 2023": 8.274022351833992,
    "Mon Sep 18 14:53:59 2023": 0.21633382886648178
}